Type,TransectOrder,Boats,response,SE,df,lower.CL,upper.CL,Boats_level
Dived,A,0,215.74962763133829,43.85823743586995,Inf,144.84890895268143,321.35486666501015,Low
Undived,A,0,126.74356394063035,20.816767105183317,Inf,91.85903087150369,174.87590330496263,Low
Dived,B,0,181.41717226369627,37.30675332415516,Inf,121.23742864066307,271.46889175375406,Low
Undived,B,0,123.81872282872304,20.338621698405237,Inf,89.73603295889563,170.8463770619175,Low
Dived,A,1,212.8374214948495,40.50426915858177,Inf,146.5747306185659,309.0557819714549,Median
Undived,A,1,125.03276893847598,20.495863532237212,Inf,90.6758305680571,172.40750054876833,Median
Dived,B,1,178.9683884204465,34.44440499922792,Inf,122.7307448257686,260.9752275135451,Median
Undived,B,1,122.14740757134443,20.025443884430743,Inf,88.57967990828392,168.4357991793197,Median
Dived,A,12,183.28429910694868,35.23260922677149,Inf,125.74751216313597,267.14750631045536,High
Undived,A,12,107.67158923152147,30.952058656180768,Inf,61.29266894003336,189.144498487802,High
Dived,B,12,154.11808413933198,29.34071911350969,Inf,106.12150681903623,223.8225273156174,High
Undived,B,12,105.18686905341231,30.240910528837027,Inf,59.874738298516704,184.7904097066226,High
