Species,final_model,AIC,interaction_est,interaction_SE,interaction_z,interaction_p
Porcupine.Puffer,m_nb,107.678549996979,0.5108317648096771,1.2823580060094137,0.3983534725995441,0.690369649432235
lrg_Snapper,m_nb_boats,108.51292225385973,-1.0986274215682696,0.8897575702632515,-1.2347491702073634,0.21692386998715246
Sweetlips,m_nb,230.5915115554627,0.9932535002872588,0.5290504693558301,1.8774267443645605,0.06045962883278367
Triggerfish,m_nb,292.336504038611,-0.38876270362554616,0.4555638637176223,-0.8533659813424483,0.3934563804332156
Angelfish,m_nb_zi,377.0565468775327,1.2403788792278088,0.4726197368521558,2.6244754133402224,0.008678255793130947
Trevally,m_nb,410.42566173205864,0.22206807525588676,0.5815445882775421,0.3818590693340006,0.7025659016893169
Emperorfish,m_nb_boats,440.0033775373952,-0.23729063901140313,0.3586066245426533,-0.6617017722805044,0.5081623686780044
sml_Snapper,m_nb_boats_zi,601.8768889863368,-0.0118062914763408,0.35322096479569204,-0.03342466233047556,0.9733359429520893
Squirrel.Soldier,m_nb_zi,674.8386862600563,-0.17964875468516286,0.29518020338995726,-0.6086070563744145,0.5427849261518662
lrg_Grouper,m_nb,720.1537160846676,-0.10424853642639578,0.21004590784436292,-0.4963131036270438,0.6196735226340728
Slingjaw,m_nb,750.0639879872093,-0.03320889448502416,0.23071701417981744,-0.14393777850792416,0.8855496033583119
Thicklip,m_nb,773.963720923011,0.3814622372520699,0.17827127106408652,2.1397852552189325,0.03237212535514263
Cleaner_Wrasse,m_nb,957.3618899035381,-0.19835959038310114,0.15718871332289874,-1.2619200589525073,0.20697755330967718
Red_Breast,m_nb,1002.1177732144578,0.360345700511037,0.12903555558497895,2.7926078116796584,0.0052285040944723546
sml_Grouper,m_nb,1278.9753848319995,0.047546553266897024,0.07166207917357517,0.6634827486896228,0.5070214245755189
Butterflyfish,m_nb_zi,1352.5311640412947,0.0645787202845779,0.07459197087085914,0.8657596726648079,0.3866219685063916
Parrotfish,m_nb,1492.1146261810227,0.06717277641833233,0.09950814093726633,0.6750480491910764,0.4996452381360954
Rabbitfish,m_nb_zi,1556.614026251003,0.1913182584612731,0.09092279709449934,2.104183599437984,0.03536243460178814
